,Linkedin,Twitter,Facebook,Others,Url
0,,,,,https://www.free-work.com/fr/companies/mbh-consulting
1,https://www.linkedin.com/authwall?trk=gf&trkInfo=AQHGKMfK-0S1_wAAAYPsrQbQiLbsfXr9FBj1Uv8khVuUXuknYR2ANXTb1-UZMqibzAGYmpXyf_lu0y_QIYQpJmMwev0mYkGN93YZWGJJx0A0VbZA3Fhw7KuxRrmfY7kIW1TJjG4=&original_referer=https://www.free-work.com/&sessionRedirect=https%3A%2F%2Fwww.linkedin.com%2Fcompany%2Fdaweiro%2F,,,,https://www.free-work.com/fr/companies/daweiro
2,https://www.linkedin.com/authwall?trk=ripf&trkInfo=AQFzSBWq5j1DVAAAAYPsrR5Azw68ZfXV-tcacSXdNUYch45yOJcspO2_a_f_pTX9ODsypjkKQESoCgfduc_ydtdIV7uxCx3hQfxbS5LiTFTwQewvhZM_K-ZYPzJEnjhG7jdpFp4=&original_referer=https://www.free-work.com/&sessionRedirect=https%3A%2F%2Fwww.linkedin.com%2Fcompany%2Fcelad%2Fmycompany%2F,,,,https://www.free-work.com/fr/companies/celad-10
3,https://www.linkedin.com/authwall?trk=gf&trkInfo=AQH2bY69taIp2gAAAYPsrTWwVe3ZkfcHVNd1ld4lTtSn4clFW2NxvMJsN-FUVvXpqZsz8TwiFdJya-zP5UfD07qfbU8Ou-OudGsnvc03666cLV5eufqFk7gTMApVBQ50x1osSbM=&original_referer=https://www.free-work.com/&sessionRedirect=https%3A%2F%2Ffr.linkedin.com%2Fcompany%2Firosoft-fr,,,,https://www.free-work.com/fr/companies/irosoft-1
4,https://www.linkedin.com/authwall?trk=gf&trkInfo=AQE_71PgoUIe6gAAAYPsrVEIgWIwljXnaut4ymhLPMv2EzFx77DY2nkYSdIoEooiZWJlUyT3OvLqGlXvN6Hmxwx-CWfLE3x8jNp0IanCdIjSqLE4XxNn12i6m5Rnki_HnFABKK0=&original_referer=https://www.free-work.com/&sessionRedirect=https%3A%2F%2Ffr.linkedin.com%2Fcompany%2Fabil-it,,,,https://www.free-work.com/fr/companies/abil-it-1
5,https://www.linkedin.com/authwall?trk=ripf&trkInfo=AQEAW8VzEsylmQAAAYPsrWh4-G9XbjT8NmJCx1A-epE1MYeelnBduYVbt9ifsahQw0ddZLqmBa7L46uizOFCdysPQTB6gHGs3f7BvXOFQYm3dVZvG48DHiBrP_BCy53O8CuUOJk=&original_referer=https://www.free-work.com/&sessionRedirect=https%3A%2F%2Fwww.linkedin.com%2Fcompany%2Fasioservices%2F,,,,https://www.free-work.com/fr/companies/asio-business-services
6,https://www.linkedin.com/authwall?trk=gf&trkInfo=AQGTMYeUV1J2SgAAAYPsrYPQ_mgBw8F7ae6rKyMrCn2GpIq7Mopldy1Mi5ij-11K8ll9m8oPgc4uXJZ9UfpyWnXkHeNphT0P2zHuBxhgSeADTiZXde17etQQ4vGhTYymVdERuiA=&original_referer=https://www.free-work.com/&sessionRedirect=https%3A%2F%2Fwww.linkedin.com%2Fcompany%2Fallovercloud%2F,,,,https://www.free-work.com/fr/companies/all-over-cloud-1
7,https://www.linkedin.com/authwall?trk=ripf&trkInfo=AQFG5QHJpUPWDAAAAYPsrZ8o7JWvLixKfpjTVGxMBWHAY38dsLkZRLFyXlnW93QgP7gRAtuho-Xhhp3aJ1wipqCHiEuXJMBgW6Cv9qDc3VCSujb7tm2UhFtxTnV4VkMrou5Sk2k=&original_referer=https://www.free-work.com/&sessionRedirect=https%3A%2F%2Fwww.linkedin.com%2Fcompany%2F11847040%2Fadmin%2F,https://twitter.com/it4bconsulting,,,https://www.free-work.com/fr/companies/it-4b-consulting
8,https://www.linkedin.com/authwall?trk=gf&trkInfo=AQHW9CFhS4cmjgAAAYPsrcog2K6uLDBeqLe4Qoqt0yVuiz3qJkFXYPndTN79LyEWLeHKtiLXVl2nZcxGgoTDvt8ZPSZ4vFvuRwHsPRYGttdgiA-sSTesGBEIWC-8WZYCnaQfMuE=&original_referer=https://www.free-work.com/&sessionRedirect=https%3A%2F%2Fwww.linkedin.com%2Fcompany%2Faxians,,,,https://www.free-work.com/fr/companies/axians-4
9,,,,,https://www.free-work.com/fr/companies/mindcross
10,https://www.linkedin.com/authwall?trk=gf&trkInfo=AQEXaXVe_9RPHgAAAYPsrfkAFHnpJTSO6VOrihUgCUHq8ln0DLyfbKnylU4-br27TrAGe0_291O1PO5aoNSZ8ZqnL4d8WQzXzU7X6kbixTLMfBmXMws3PKcsKG9pt3SNRD0UJDU=&original_referer=https://www.free-work.com/&sessionRedirect=https%3A%2F%2Fwww.linkedin.com%2Fin%2Faugustareeves%2F,,,,https://www.free-work.com/fr/companies/augusta-reeves-group
11,,,,,https://www.free-work.com/fr/companies/alies-conseil-1
12,https://www.linkedin.com/authwall?trk=gf&trkInfo=AQGoKj4eFLKJWQAAAYPsrivIQyjvMqObxDOz-9GFUNRntwHrYQEOHbqal48AbuHPKGMZcfc7h45s8aCQDVJUBPBaOnsZ7lKlTqZdR3YI4DrW5zDhJ8RAM3j5Jc5UU2bBFpesOiE=&original_referer=https://www.free-work.com/&sessionRedirect=https%3A%2F%2Fwww.linkedin.com%2Fcompany%2Fexiptel,,,", http://exiptel/",https://www.free-work.com/fr/companies/exiptel-2
13,https://www.linkedin.com/authwall?trk=gf&trkInfo=AQFgIEKeoyaVIAAAAYPsrlbAFcCTKOy344V3c94iyDNlatWTvwXhWt3UqYs_y8uIK3mpjgDrofCLmsKlcXFFfszDY5jV-Mj7rcSTaBVgDJiWXMfmVV59-Ky1vBVBPhDUKKHCfrM=&original_referer=https://www.free-work.com/&sessionRedirect=https%3A%2F%2Fwww.linkedin.com%2Fcompany%2Fotteo%2Fmycompany%2F,,,,https://www.free-work.com/fr/companies/otteo-3
14,https://www.linkedin.com/authwall?trk=gf&trkInfo=AQENE5GImzaz6gAAAYPsrnIYc6ML46RmkzTQU4jn8jdaIXOxuq7TuSkoYOjXfMlsiVyk5OH4iHhzeLSnEPzfEg02bWOetA9bwGdiwct5Td1FtceIjRnib46-KCR0V52tRJb4AHw=&original_referer=https://www.free-work.com/&sessionRedirect=https%3A%2F%2Fwww.linkedin.com%2Fcompany%2Fbksearch%2F%3FviewAsM,,,,https://www.free-work.com/fr/companies/bk-search-sarl
15,,,,,https://www.free-work.com/fr/companies/on-x-9
16,https://www.linkedin.com/authwall?trk=gf&trkInfo=AQEig2q0CMRe1wAAAYPsrqTgYMYr4BhOBSbZKmzXyFF3TzuL_o4C2S2fsFOXIpCFFG5jvjYNpJc61w6bG4ERHIlmOi-chQrf-1QwNmKDITzxiisoejLjm3Si-eJJQFortHke0nc=&original_referer=https://www.free-work.com/&sessionRedirect=https%3A%2F%2Ffr.linkedin.com%2Fcompany%2Fausy,,,,https://www.free-work.com/fr/companies/ausy-18
17,https://www.linkedin.com/authwall?trk=ripf&trkInfo=AQGVPRa25syCXQAAAYPsrsA4l-kmwVYBBzehHAaVE_CFXgn4p0P90pcSQAfg3Bfj8rYaUh33rKf4O-2ioV-CF6om4MaoybYiGvBS4UaM0CaWTjHn_zwPA7Pqg4hZwK7mKyX93tI=&original_referer=https://www.free-work.com/&sessionRedirect=https%3A%2F%2Fwww.linkedin.com%2Fcompany%2Fskillup.co%2F,https://twitter.com/skillup_co,https://www.facebook.com/Skillup.co.sirh,,https://www.free-work.com/fr/companies/plateform-sas
18,,,,,https://www.free-work.com/fr/companies/shiftera
19,,,,,https://www.free-work.com/fr/companies/manava-ltd
20,,,,,https://www.free-work.com/fr/companies/axencia-group-2
21,https://www.linkedin.com/authwall?trk=gf&trkInfo=AQEbPr9LXJDtPwAAAYPsrymw1ya3oqYC_8YF9N5hX-oH4yKytVPSjXSuBLei6bA7xaHRyCExsjuXCncBzmxEE7A9Gp9Ja77WQOFgOBHgWQrAuqsWIKBIkev_lj7bB-wYXK86UX0=&original_referer=https://www.free-work.com/&sessionRedirect=https%3A%2F%2Fwww.linkedin.com%2Fcompany%2Fkody-it%2F%3FviewAsMe,,,,https://www.free-work.com/fr/companies/kody
22,https://www.linkedin.com/authwall?trk=gf&trkInfo=AQE-lu_sQxqKuAAAAYPsr0UItrDwpCzweDbaRzzIRwpBwMDdR8rV2VSOdFB4ShCsArFc1oBFKTRDdKAQyssUGBs-fjXgN4c1omV0zr1bYmf3jfm0C_92MWyD8UTOUOwmE_IGPSI=&original_referer=https://www.free-work.com/&sessionRedirect=https%3A%2F%2Fwww.linkedin.com%2Fcompany%2Fcegelem-sas%2F,https://twitter.com/cegelem,https://www.facebook.com/cegelem/,,https://www.free-work.com/fr/companies/poulpex
23,,,,,https://www.free-work.com/fr/companies/ki-analytics
24,,,,,https://www.free-work.com/fr/companies/revolution-dsi
25,https://www.linkedin.com/authwall?trk=gf&trkInfo=AQF6S5cPwKs66QAAAYPsr6LIlz3WHBYjjt5ycFneA_xw8Dz7dJFdd7J2TCQnUsRE-YoZ1sdm4_cSBJILn7akXCLIgSjN9B2aJOfkoTra8-1oRwPOsq3GCh7YN8Sl_YKvxIwsFdk=&original_referer=https://www.free-work.com/&sessionRedirect=https%3A%2F%2Fwww.linkedin.com%2Fcompany%2Fwillcome%2F,,,,https://www.free-work.com/fr/companies/willcome
26,,,,,https://www.free-work.com/fr/companies/cahetel-consulting
27,,,,,https://www.free-work.com/fr/companies/ibiteam-1
28,,,,,https://www.free-work.com/fr/companies/platinium-group
29,https://www.linkedin.com/uas/login?session_redirect=https%3A%2F%2Fwww.linkedin.com%2Fcompany%2F26019134%2Fadmin%2F,,https://www.facebook.com/search/top?q=digital%20bu,,https://www.free-work.com/fr/companies/digital-business-works
30,https://www.linkedin.com/authwall?trk=gf&trkInfo=AQFdFowO0JOicQAAAYPssDsg1evNZ0i_rhoM9VKAklIdAiOrVQSAWXuD4Ud-OeMYTSdSIGmSwrJT4MncTSibhogCua7ZcKNxuyQqvWIQiFCzyr5A9Mf1WGtXLWJHsIeA-AdQatY=&original_referer=https://www.free-work.com/&sessionRedirect=https%3A%2F%2Fwww.linkedin.com%2Fcompany%2Ftypology%2F,,,,https://www.free-work.com/fr/companies/typology
31,https://www.linkedin.com/authwall?trk=gf&trkInfo=AQGCY-M9S5GzaAAAAYPssFZ4pcqLV2kiCNSxuskCSHWTeMs6t2aBooTybliips7r1bd2HIVhpbz7AOoqA2GhE_85MWj1466vuVrddfvW_fHCaN4N5CdfTZA4AnAHI1ruotTL7vY=&original_referer=https://www.free-work.com/&sessionRedirect=https%3A%2F%2Fwww.linkedin.com%2Fcompany%2Fcapgemini,,,,https://www.free-work.com/fr/companies/capgemini-apps
32,https://www.linkedin.com/signup/cold-join?session_redirect=https%3A%2F%2Fwww%2Elinkedin%2Ecom%2Fsearch%2Fresults%2Fall%2F%3Fkeywo&trk=login_reg_redirect,,,,https://www.free-work.com/fr/companies/be-resilient-group-brg
33,,,,,https://www.free-work.com/fr/companies/datacorp-5
34,,,,,https://www.free-work.com/fr/companies/osiris-cloud
35,https://www.linkedin.com/authwall?trk=gf&trkInfo=AQGGHX7vXIWo9QAAAYPssLwIJp9rW8YDAuQfPfI1eYY6xYqlmzJnJehidGaJIqEiRmi0xlKgx4X-OgIdjkQ0mYab-zDPp1T6QXq7xTX8DTnMlv9kxnVweakizllsHnz4k7EtYDg=&original_referer=https://www.free-work.com/&sessionRedirect=https%3A%2F%2Fwww.linkedin.com%2Fcompany%2Fbalder-solutions%2F,,,,https://www.free-work.com/fr/companies/balder-solutions
36,https://www.linkedin.com/authwall?trk=gf&trkInfo=AQE20X9BQm3gxQAAAYPssNdgH-hMiXJYMfgFCB1aEDUwsFUOIhM92jwF27_59iZnZ38_P9bOInMsCPLGRMwJPSmmvNsUuhwVcvYEhm88CkyM1q9J0N4OUcwwewlnfFvIDIVKfXE=&original_referer=https://www.free-work.com/&sessionRedirect=https%3A%2F%2Fwww.linkedin.com%2Fcompany%2Fausy%2F,,,,https://www.free-work.com/fr/companies/ausy-16
37,,,,,https://www.free-work.com/fr/companies/sas-francois-branchet
38,https://www.linkedin.com/authwall?trk=gf&trkInfo=AQH8hNyE9u-y5gAAAYPssQZAOTwGhMwLEC2Cdxb8Y329kdayasOgEIrp-kcj8ERQbABvHfjVgPy3zGDADTx_OlTVKxDbLfXKIBuYSMglaXt9_JvpW4M-MeOnZDK8Q4rcLSyY2rQ=&original_referer=https://www.free-work.com/&sessionRedirect=https%3A%2F%2Fwww.linkedin.com%2Fcompany%2Fdigipop-conseil,,,,https://www.free-work.com/fr/companies/digipop-conseil
39,,,,,https://www.free-work.com/fr/companies/atos-38
40,,,,,https://www.free-work.com/fr/companies/rtv-consulting
41,https://www.linkedin.com/authwall?trk=gf&trkInfo=AQHMsZEtS6cAnAAAAYPssUyQIzUht5TwavTqc3PDiUVhuh-f0j_cFyurmofD77OZGtdBHnNqonT9r9K6k7JY591ZS7ojB9xJNdlrTstw6pMkDKGAIGDUfQ1IY80xrapyi41GfYs=&original_referer=https://www.free-work.com/&sessionRedirect=https%3A%2F%2Fwww.linkedin.com%2Fcompany%2F9466332,https://twitter.com/phianiss_esn,https://www.facebook.com/phianiss.datamanagement,,https://www.free-work.com/fr/companies/phianiss-2
42,,,,,https://www.free-work.com/fr/companies/tessi-gdoc-lasercom
43,https://www.linkedin.com/authwall?trk=gf&trkInfo=AQFnvjIdsy8EZwAAAYPssY74M8DcKzl1f7X853fbWPQzJ1WRCtfxism2uUSk7Nv2jVHeh9k5_BLEVbJ_fhD_LBn1hRUv_Ie11oOwjUnaD2k3EriYuRRllRfScmva4Bp8-sNFzqM=&original_referer=https://www.free-work.com/&sessionRedirect=https%3A%2F%2Fwww.linkedin.com%2Fcompany%2Ffocus-on-security,https://twitter.com/Focus_Cloud_,https://www.facebook.com/FocusCloud0/,,https://www.free-work.com/fr/companies/focus-on-security
44,,,,,https://www.free-work.com/fr/companies/move-solutions-1
45,https://www.linkedin.com/authwall?trk=gf&trkInfo=AQECMV93pqqpIQAAAYPssdFgD2WwvoO18QyCXVlcc81xH6AcceQ_3VKxRRUk5N1Jw9PwrYrq29r6w6AjnQcaT0IXIBC9HqEqNQovsyEw6luwIl3PffdiGCss7w3104kWSkyxPE8=&original_referer=https://www.free-work.com/&sessionRedirect=https%3A%2F%2Fwww.linkedin.com%2Fcompany%2Fcg2-conseil%2Fmycom,,,,https://www.free-work.com/fr/companies/cg2-conseil-1
46,,,,,https://www.free-work.com/fr/companies/ab-conseil-1
47,https://www.linkedin.com/authwall?trk=ripf&trkInfo=AQF6GCRk_Ji-BAAAAYPssfxY73m6Ls-YtUCmaxTtv6YeDh8bP93MJSCEfw0ZSl8vOR8YUxcqRXy5d7wZOBr3fIGlkAMJbNYzCS5QAvLumR6U3RPv_ZMk--3PFdIvUscPx7CyNwo=&original_referer=https://www.free-work.com/&sessionRedirect=https%3A%2F%2Fwww.linkedin.com%2Fcompany%2Fcyllene%2Fmycompany,,,,https://www.free-work.com/fr/companies/cyllene
48,https://www.linkedin.com/authwall?trk=gf&trkInfo=AQEVBlQCOdQd1AAAAYPsshew-bU0o1NoXZD23W0aVNotxxL7i2WlgpgKhlCx0luheFP5N8bkHbd4sBnH0GGlPR1BRwmARaNYEXOAZdIPorf0XFvUVnymyga2xvGixO6nEM_Iojw=&original_referer=https://www.free-work.com/&sessionRedirect=https%3A%2F%2Fwww.linkedin.com%2Fcompany%2Fcoalise,,,,https://www.free-work.com/fr/companies/coalise-1
49,,,,,https://www.free-work.com/fr/companies/neoqualis
50,,,,,https://www.free-work.com/fr/companies/triglav-digital
51,https://www.linkedin.com/authwall?trk=gf&trkInfo=AQHxTZ8xofNJ4gAAAYPssl4AFJbP46TTZpEk0xwKfrxiSZ2JZChxwhnPI8yCryBJcBCZftFbjCt7m8jGE6y4o3Xtl2NZ3LmBKu4Ir5gMRIIbOjThIbOpjt--8w1-x-FNdfORRiA=&original_referer=https://www.free-work.com/&sessionRedirect=https%3A%2F%2Fwww.linkedin.com%2Fcompany%2Fgroupeisb%2Fmycompa,,https://www.facebook.com/SilverwoodFR,,https://www.free-work.com/fr/companies/isb-france
52,,,,,https://www.free-work.com/fr/companies/bs-services
53,,,,,https://www.free-work.com/fr/companies/noesn
54,https://www.linkedin.com/authwall?trk=gf&trkInfo=AQFTmnzk-7iq5QAAAYPssqwgeGuCPQwtEEW_8yI4uSXmgTe7c5ZtUd-YOzhgSVGXE0VEf3Uf0LleTT9Xz-ThBOheokRZ0kh6XksNhysUSYIkd_Tsx-ahET5YS-cpkhbF6kWhRds=&original_referer=https://www.free-work.com/&sessionRedirect=https%3A%2F%2Fwww.linkedin.com%2Fcompany%2Fvptech%2F,https://twitter.com/veepeetech_,,,https://www.free-work.com/fr/companies/veepee
55,https://www.linkedin.com/authwall?trk=gf&trkInfo=AQGWorV4-D3_9gAAAYPssstg2iUqdgzCs_aNVEBpaHnxfJxSad5pGWFbEhaHi8mK4Q0rRa2PFjCDJQbF9yjLUMfi2HXVhpTa3j96jfd-LOMMy10lAp11M_3I1HHouBjCJLhEGOo=&original_referer=https://www.free-work.com/&sessionRedirect=https%3A%2F%2Fwww.linkedin.com%2Fcompany%2Ftalys%2Fabout%2F,,,,https://www.free-work.com/fr/companies/talys-consulting
56,,,,,https://www.free-work.com/fr/companies/frenchops
57,,,,,https://www.free-work.com/fr/companies/le16it-1
58,https://www.linkedin.com/authwall?trk=gf&trkInfo=AQH4Q2Fg9bJfWgAAAYPssxGwKo0-wbYiWQz3APXEgM2_el8K_oKUS3wTJTos5e6p6LeVMhgDBwVULd0LM6xjk-lTumV5C60I8GA2QYE8XFL8ZbCcU2TdJrJV4OT7zPudHZRUiLs=&original_referer=https://www.free-work.com/&sessionRedirect=https%3A%2F%2Fwww.linkedin.com%2Fcompany%2Fsibylone%2Fmycompan,,,,https://www.free-work.com/fr/companies/sibylone
59,,,,,https://www.free-work.com/fr/companies/lcc-france
60,,,,,https://www.free-work.com/fr/companies/wwsight-1
61,https://www.linkedin.com/authwall?trk=gf&trkInfo=AQG3HP8-g6mOjAAAAYPss1gAWMXTniaE62NJ7xkmG5nHaW1AW4E5BX_f5wThh1YZoEaE7zFcIKJjYk3HiR_SRolwnLbGB-V83lxtAmR5WloGB2eJkLlNqiZl9OZ-LLJo1rINrWk=&original_referer=https://www.free-work.com/&sessionRedirect=https%3A%2F%2Fwww.linkedin.com%2Fcompany%2Fsquaar%2F%3FviewAsMem,,,,https://www.free-work.com/fr/companies/squaar
62,https://www.linkedin.com/authwall?trk=gf&trkInfo=AQGftNRzHZBtmAAAAYPss3dAwdEXqkOv-Ub72YdCaUKw3FLKe1fINKgDM6_SysqoH0Ug4FycmXjRu1vXWRTgokafHhbse8g8lKMWFZPo06TM86OCZ9G87AZwHgS_T3JDbCQ4yzU=&original_referer=https://www.free-work.com/&sessionRedirect=https%3A%2F%2Fwww.linkedin.com%2Fcompany%2Ftekteo,https://twitter.com/tekteofrance,https://www.facebook.com/TekteoFrance,,https://www.free-work.com/fr/companies/tekteo
63,,,,,https://www.free-work.com/fr/companies/bdevit
64,https://www.linkedin.com/authwall?trk=ripf&trkInfo=AQGtpYEro4aykgAAAYPss7XAmVzgVWxPX2_H8tNmdlpykEJzJQl1VjQ11OAvj8-Dch0G_2XgJrcmwPkAS5Bh2LQRPd-QJ_2T5Ic7YJ-MssUJOm-CPoRViBxbimkusjwJvrcEKhY=&original_referer=https://www.free-work.com/&sessionRedirect=https%3A%2F%2Fwww.linkedin.com%2Fcompany%2Fvalditt-advisory%2F,,,,https://www.free-work.com/fr/companies/valditt-advisory-1
65,,,,,https://www.free-work.com/fr/companies/ardemis-partners
66,,,,,https://www.free-work.com/fr/companies/epsilon-alcen
67,,,https://www.facebook.com/Raedy.craft,", http://witter.com/__Raedy",https://www.free-work.com/fr/companies/raedy
68,https://www.linkedin.com/authwall?trk=ripf&trkInfo=AQFKBhFhkWFVKwAAAYPstDLA6N0-4Ss_0JHtx7PEcJGLUxv4qpmF1xf6ArjYq9sbc0g2tw2QXRFbl8QJTUiVfree7RQ7ee_yu97DLC3JW4tgqwniF36h40HOaOiVqf86gyrLSxU=&original_referer=https://www.free-work.com/&sessionRedirect=https%3A%2F%2Fwww.linkedin.com%2Fcompany%2Fnorgayitservices,,,,https://www.free-work.com/fr/companies/norgay
69,,,,,https://www.free-work.com/fr/companies/gbni-2
70,,,,,https://www.free-work.com/fr/companies/qiten-skills
71,,,,,https://www.free-work.com/fr/companies/prefecture-de-police-de-paris
72,https://www.linkedin.com/authwall?trk=ripf&trkInfo=AQEjq7nGbM1xIAAAAYPstIyYLLINIX0NshHHm8b0coadqEtbBYEPJ58UVT3-gU6YQ_hF35sw7D6AtUc_TUIt2LxjDGCq3hiJU2-Hc8dTIF_y_DNIHjUbLIFEIVWa1Glax5Fm_Yw=&original_referer=https://www.free-work.com/&sessionRedirect=https%3A%2F%2Fwww.linkedin.com%2Fcompany%2Fa-sap-staffing-lt,,,,https://www.free-work.com/fr/companies/asapstaffing
73,https://www.linkedin.com/authwall?trk=gf&trkInfo=AQGj5vYgPMp21AAAAYPstKvY0i_N7g7_Ts14aByOCmDYseerfRNPBnYvUFBRKuDRfzu9p1ucHUPd_QS-z3o3D7GGN9e97sR-zvoM3PWYlV_RO6mUbU1QSB6I_qXjb2a01DMOtxo=&original_referer=https://www.free-work.com/&sessionRedirect=https%3A%2F%2Fwww.linkedin.com%2Fcompany%2Fnextsourcia,,,,https://www.free-work.com/fr/companies/nextsourcia-1
74,,,,,https://www.free-work.com/fr/companies/smc-consulting-it
75,,,,,https://www.free-work.com/fr/companies/m-k-consulting-sarl
76,,,,,https://www.free-work.com/fr/companies/appgradelab
77,,,,,https://www.free-work.com/fr/companies/newrama
78,,,,", http://pi-services/",https://www.free-work.com/fr/companies/pi-services-2
79,,,,,https://www.free-work.com/fr/companies/alb-conseil
80,https://www.linkedin.com/authwall?trk=gf&trkInfo=AQFCRFq3IFw_FAAAAYPstU_of0Ic1UrwLElxvvYUpl7F9yT4cXAirl6Y141Ww8gRnPSnJb7z5N7ujUedYQkyEAAnNgmRyxJNm-dkEoYgoRwHetyQpSKiY80ZMyqS4v6LKCFLfQk=&original_referer=https://www.free-work.com/&sessionRedirect=https%3A%2F%2Fwww.linkedin.com%2Fcompany%2Ftechbytech,https://twitter.com/techbytech_io,https://www.facebook.com/TechByTech.io,,https://www.free-work.com/fr/companies/techbytech
81,,,,,https://www.free-work.com/fr/companies/nexian
82,,,,,https://www.free-work.com/fr/companies/cgilanum
83,,,,,https://www.free-work.com/fr/companies/groupe-les-mousquetaires
84,https://www.linkedin.com/authwall?trk=ripf&trkInfo=AQHz2o29agknvQAAAYPsteBwbekNw0vW-cGly8-v6vCgElRwd5GA2QIJGV_arzUfOOjW2uOMaNQFoazh42Ht6M9sIYepECAOGwKz7NV9dVvb8Fl-QtWaoup0XZqhR-ybsFGxMsM=&original_referer=https://www.free-work.com/&sessionRedirect=https%3A%2F%2Ffr.linkedin.com%2Fcompany%2Ftalentum-solution,,,,https://www.free-work.com/fr/companies/talentum-solutions
85,,,,,https://www.free-work.com/fr/companies/kantys
86,https://www.linkedin.com/authwall?trk=gf&trkInfo=AQFjSC7Upe5i0wAAAYPsthcgNk_YHPbFNBhaJlxXkJHUToRej4qQNJ-IkoiRLHcJuAubS3FuNsRR2tzD1NZAgzeoybUAj7wD3BcWAbOar3xIi6YeQYWU7gikYhOFm7dwJe4fvb8=&original_referer=https://www.free-work.com/&sessionRedirect=https%3A%2F%2Fwww.linkedin.com%2Fcompany%2Fapixit%2Fmycompany%2F,,,,https://www.free-work.com/fr/companies/apixit
87,,,,,https://www.free-work.com/fr/companies/groupe-aptenia
88,https://www.linkedin.com/authwall?trk=ripf&trkInfo=AQEc_lTeFqXWTAAAAYPstkYAOJhCnZOb4bvxFhkjARLCPvLS7JgxDAMWMUz3oaiHHyewpJiOFlFW3lARmNEtiVaSTqr1qWf66DOc9mGQah_HCeAf_-0RNzp8wZsHdLjChQUjDmA=&original_referer=https://www.free-work.com/&sessionRedirect=https%3A%2F%2Fwww.linkedin.com%2Fcompany%2Ftcmlabs%2Fmycompany,,,,https://www.free-work.com/fr/companies/tcm-labs-1
89,https://www.linkedin.com/authwall?trk=gf&trkInfo=AQFGFBCNdxU0xQAAAYPstmFYVKj6_a_7L2Ryh8AqSGDqMfJmv4UR9EWDEiy1ct_oskbRmk4O1RsTEqcxr-c0F2ty_rcSSWOeY2NLYOVPPdweNCpi9HrPYaWcu_Q5YtqqWoLL9Bc=&original_referer=https://www.free-work.com/&sessionRedirect=https%3A%2F%2Fwww.linkedin.com%2Fcompany%2Fmyaepsilon%2F%3FviewA,,,,https://www.free-work.com/fr/companies/aepsilon-1
90,,,,,https://www.free-work.com/fr/companies/barma-solutions
91,,,,,https://www.free-work.com/fr/companies/skott-group-sas
92,,,,,https://www.free-work.com/fr/companies/bifora
93,,,,,https://www.free-work.com/fr/companies/temeritati-consulting
94,,,,,https://www.free-work.com/fr/companies/agate-it
95,https://www.linkedin.com/authwall?trk=gf&trkInfo=AQGybgmlE5D29QAAAYPstvmwXW8n1mzJlQyZa-m7VoHcXDxqGfS3gqf37UzopvKr6Re_WKpqhF7EgiZXDZwtzJi7DXSZuzYYCj1xmTu94pORqZcawAufhrc2QMSuoQRqWlrA8fQ=&original_referer=https://www.free-work.com/&sessionRedirect=https%3A%2F%2Fwww.linkedin.com%2Fcompany%2Fneofacto%2F,https://twitter.com/neofacto,,,https://www.free-work.com/fr/companies/neofacto-france
96,,,,,https://www.free-work.com/fr/companies/onboarding-digital
97,,,,,https://www.free-work.com/fr/companies/kleever-1
98,,,,,https://www.free-work.com/fr/companies/rubis-informatique
99,,,,,https://www.free-work.com/fr/companies/nooeh
100,,,,", https://www.wideagency.ch/, https://www.albertagency.com/s/?language=en_US",https://www.free-work.com/fr/companies/cross-systems-sa
101,,,,,https://www.free-work.com/fr/companies/mtb-111-1
102,,,,,https://www.free-work.com/fr/companies/ambition-consulting-services
103,,,,,https://www.free-work.com/fr/companies/digital-professional-services
104,,,,,https://www.free-work.com/fr/companies/piman-it
105,https://www.linkedin.com/authwall?trk=gf&trkInfo=AQEnaywT2G3R0gAAAYPsuBLw5Nf2cbYkBNh3CVY5OehRI0nJXS1Z_SCE4tmUy0Zc_AogvNTLcAbpKJAnx4FO1Sl8PXDWtB0c8ZyGaAgT48d_zYZIMS3dQWfzcaFtd9zeZ7mlQs8=&original_referer=https://www.free-work.com/&sessionRedirect=https%3A%2F%2Ffr.linkedin.com%2Fcompany%2Fqosmiqnetworks,https://twitter.com/hashtag/qosmiq,,,https://www.free-work.com/fr/companies/qosmiq-networks
106,,,,,https://www.free-work.com/fr/companies/agsi-sas-8
107,,,,,https://www.free-work.com/fr/companies/andria-it-2
108,,,,,https://www.free-work.com/fr/companies/leades
109,,,,,https://www.free-work.com/fr/companies/capital-informatique
110,https://www.linkedin.com/authwall?trk=gf&trkInfo=AQEYJ9dqpfPg0AAAAYPsuJ-QfUTwL-MS9UY55lEfe9Lfb0P_KSvTOK4nEpLqhVXFiaBpqCpCe7HODPCjyE3XsERVt2_AGD_RTEOtFlBy0osUPvfColRE8sSOR_M8uStHLjWVr60=&original_referer=https://www.free-work.com/&sessionRedirect=https%3A%2F%2Fwww.linkedin.com%2Fin%2Fyoann-riffard-a27921b%2F,,,,https://www.free-work.com/fr/companies/extra-solution
111,https://www.linkedin.com/authwall?trk=gf&trkInfo=AQFbODjvPihWPwAAAYPsuLrof3FH8cajLZ2dYAWNOU3CUMVmzDTYPyoGPD9tYE4jfGz5TFjJ122W27F0Ut91nJetr9dMd8RL7ty_NR2g2c0BnXF72j1ctWPlxPmytZZJTiPy3oA=&original_referer=https://www.free-work.com/&sessionRedirect=https%3A%2F%2Fwww.linkedin.com%2Fin%2Fmehdi-chafik-b0a95238,,,,https://www.free-work.com/fr/companies/forkloud
112,,,,,https://www.free-work.com/fr/companies/celaneo-2
113,https://www.linkedin.com/authwall?trk=gf&trkInfo=AQEBFWOgiBtg1QAAAYPsuOXgRL7wPkK3Eo6ecv38uinKhDx0_86FHIRgtV46Kf98CgjoKxl6QD6P0YIvgLSFINH4Uwf_IP03Js0wn3DoOltztQwEdmJEuju-D7pzQ_KiAo8VivY=&original_referer=https://www.free-work.com/&sessionRedirect=https%3A%2F%2Fwww.linkedin.com%2Fcompany%2F54126566%2Fadmin%2F,,,,https://www.free-work.com/fr/companies/beyond-skills-it
114,,,,,https://www.free-work.com/fr/companies/accetal-3
115,https://www.linkedin.com/authwall?trk=ripf&trkInfo=AQFAHBoY4xJprQAAAYPsuRio3eBwpYe1TsqKS3AvHYpiQ_o30MZdOufUoo1paDk0IlMdqHhHvOa6B1gTfokJ6Rv17ZnqPQqOa3AyQUOmmZvfuWHpZGrOw-rlYYb5JGkzpm3Q8TE=&original_referer=https://www.free-work.com/&sessionRedirect=https%3A%2F%2Fwww.linkedin.com%2Fcompany%2Fariatis%2F%3Foriginal,,,,https://www.free-work.com/fr/companies/ariatis-1
116,,,,,https://www.free-work.com/fr/companies/apollo-alpes
117,,,,,https://www.free-work.com/fr/companies/lfz-partners
118,,,,,https://www.free-work.com/fr/companies/linkway
119,https://www.linkedin.com/authwall?trk=gf&trkInfo=AQE3Gd2XXe87RwAAAYPsuX446KanzuE-9QxFuytGDiXYr4_bWMnkibT6ZVmB2layjY5kt6KVeAxMuMGJlOabhEm88Y2OGnvAIEpsfJLndpNG_PruG7LlG4DsPwHtrb6BldY1MYM=&original_referer=https://www.free-work.com/&sessionRedirect=https%3A%2F%2Fwww.linkedin.com%2Fcompany%2F18929139,https://twitter.com/alliance_cyber,https://www.facebook.com/Alliance-Cyber-Technologies-5,,https://www.free-work.com/fr/companies/alliance-cyber-technologies
120,,,,,https://www.free-work.com/fr/companies/full-data-management
121,,,,,https://www.free-work.com/fr/companies/cms-plus-france-1
122,https://www.linkedin.com/authwall?trk=gf&trkInfo=AQEVBkLVpER5oAAAAYPsudv4RckK8FXEzTgqdcwLocwi4qJet_rXuylTj30iJKf6elta2qt3cuKk7rNqB1fbjXjR8zT7Kcf6fWBDnvjL4Pcnln3GTJx6XRdMxomlBBGFu5pzkmo=&original_referer=https://www.free-work.com/&sessionRedirect=https%3A%2F%2Fwww.linkedin.com%2Fcompany%2Fskiils-group%2F,,,,https://www.free-work.com/fr/companies/skiils-sas
123,,,,,https://www.free-work.com/fr/companies/meetshake
124,,,,,https://www.free-work.com/fr/companies/abc-3
125,https://www.linkedin.com/authwall?trk=ripf&trkInfo=AQEfvFXFNKkByAAAAYPsuh5gxMGXk-O91gy4UNelfKNEMNblKW_bvl_44aqDDBHFfJ7P21TmT4vWmixZm_zJguEWERNSJzq77WvKzRV4ZQE12NZ5daHNPKG3dRHJ-nkEfvnkN2w=&original_referer=https://www.free-work.com/&sessionRedirect=https%3A%2F%2Fwww.linkedin.com%2Fcompany%2F3492269%2Fadmin%2F,,,,https://www.free-work.com/fr/companies/mpi-partners
126,https://www.linkedin.com/authwall?trk=gf&trkInfo=AQE9_2ZYEFBncAAAAYPsujm42t9_WcrjQi9WsIa3FEmum0TmO9sK0FaQu35zVeBKcDSzrziQ6yDezDzir1GsCO9OSACsklQP8UupRm4f5ToS_r_SkrLMzK8bqcZvY5WhGLvuuFM=&original_referer=https://www.free-work.com/&sessionRedirect=https%3A%2F%2Fwww.linkedin.com%2Fcompany%2Fzenith-cloud%2F,,,,https://www.free-work.com/fr/companies/zenith
127,,,,,https://www.free-work.com/fr/companies/adservio-10
128,,,,,https://www.free-work.com/fr/companies/cercar
129,,,,,https://www.free-work.com/fr/companies/agence-inspire
130,,,,,https://www.free-work.com/fr/companies/digital-partners-france
131,,,,,https://www.free-work.com/fr/companies/cezium
132,,,,,https://www.free-work.com/fr/companies/fc-consulting
133,,,,,https://www.free-work.com/fr/companies/wineos
134,,,,,https://www.free-work.com/fr/companies/informatique-cdc-groupe-caisse-des-depots
135,,,,,https://www.free-work.com/fr/companies/sarl-tecnco
136,,,,,https://www.free-work.com/fr/companies/ultyma
137,,,,,https://www.free-work.com/fr/companies/finaxys-7
138,https://www.linkedin.com/authwall?trk=gf&trkInfo=AQGrsbQTAmwRsgAAAYPsu0soEPNvvjJexDgPkmyI6y3aZDHaLfS0HJJ3vmERZXKyua7YcXlDuH3SCKxNWhBgdQInsRUQIUOj_HGqJNjBo3A3Sb_2ho-cH_eE9uyULFObGTzCF8I=&original_referer=https://www.free-work.com/&sessionRedirect=https%3A%2F%2Fwww.linkedin.com%2Fcompany%2Fgroupe-itea-rh%2Fmy,,,,https://www.free-work.com/fr/companies/itea
139,,,,,https://www.free-work.com/fr/companies/as-international-3
140,https://www.linkedin.com/authwall?trk=gf&trkInfo=AQFo9PQL1mFLcgAAAYPsu33wQqPmWYX9YYV_Hk615dF3-BmGq_lNAoD30o8GP7dEexHdyAZA6FYsEVPl1kXRa9mxfe8OVnyuNne-0ZsC2K_ySS1atreMVid2CeXkMGRsIkpym84=&original_referer=https://www.free-work.com/&sessionRedirect=https%3A%2F%2Fwww.linkedin.com%2Fcompany%2Fmobiappsfr,https://twitter.com/mobiappsfr,,,https://www.free-work.com/fr/companies/mobiapps-4
141,https://www.linkedin.com/authwall?trk=ripf&trkInfo=AQE_D1xubrnApAAAAYPsu8wQSuBJ311-CBKfN4Tj7V-_s5rfbuMHvr9xsdAleVzHIAMXjRyZNq6uxX0FRIkIGqqgGC_r_YjlTC5dEHKNZdZPHIS1JY9lp4oeEvP8QbdiK00LJtk=&original_referer=https://www.free-work.com/&sessionRedirect=https%3A%2F%2Fwww.linkedin.com%2Fcompany%2Foctogonetech%2F,,,,https://www.free-work.com/fr/companies/octogone-1
142,,,,,https://www.free-work.com/fr/companies/tecos-2
143,https://www.linkedin.com/authwall?trk=gf&trkInfo=AQEDzSLQnjP7QAAAAYPsu_rwX5Cb5ck7wD0Z5D_5mlDtcdXFESvUY035ddLZFKmEaEdN825uGJCNdXHNqn6Ewuwk8Sm6i2rSrp7vWS1NevX9rQ80MFZiCcHnKDutdIXtla1QlBo=&original_referer=https://www.free-work.com/&sessionRedirect=https%3A%2F%2Fwww.linkedin.com%2Fcompany%2Fcbc-consult,,,,https://www.free-work.com/fr/companies/cbc-consult-2
144,,,,,https://www.free-work.com/fr/companies/msitconseil
145,,,,,https://www.free-work.com/fr/companies/agil-it-2
146,,,,,https://www.free-work.com/fr/companies/bloomays
147,,,,,https://www.free-work.com/fr/companies/inov-2
148,,,,,https://www.free-work.com/fr/companies/zen-it-conseils
149,,,,,https://www.free-work.com/fr/companies/katchme
150,https://www.linkedin.com/authwall?trk=gf&trkInfo=AQGQFFL6ner-kQAAAYPsvJsYUViGtKv-MkH3tG0GDOGgsxLtl3G8vwV3Nt5uNYDysS5l9m0o_49utHZcLqX9dWIerHEOSaZQoZfHO8sbcgIaDZXvvEebwmsqLbP1ai7rvQoEzQc=&original_referer=https://www.free-work.com/&sessionRedirect=https%3A%2F%2Fwww.linkedin.com%2Fin%2Ftiphereth-consulting-4,https://twitter.com/home?lang=fr,https://www.facebook.com/simon.obounou.14,,https://www.free-work.com/fr/companies/tiphereth
151,https://www.linkedin.com/authwall?trk=gf&trkInfo=AQHTA8-_ur4N6AAAAYPsvMYQzSJyew8VS-m8E0RQcoFEdRvCtse-oRS3rVMfjmHgXPBh-h6AOR702Imj-gNH69oS8IofG1cGVmw95YlJCAxHiuQJwT63kWMgvFMZgHuEd5xcPb0=&original_referer=https://www.free-work.com/&sessionRedirect=https%3A%2F%2Fwww.linkedin.com%2Fcompany%2Fproman-expertise%2F,,,,https://www.free-work.com/fr/companies/proman-expertise-1
152,https://www.linkedin.com/authwall?trk=gf&trkInfo=AQGCpRrJ8VA5RQAAAYPsvOFoSnyw3JOy0hkaMwuwePpXqgPuk3Bw57ra1PXQ1cp2OBGi7M67zYLDkxor5dyxIePQiw4_0R4OODruLSUYjUrke79iWz_nFNq8mr-MN5Gr-GBBI5g=&original_referer=https://www.free-work.com/&sessionRedirect=https%3A%2F%2Fwww.linkedin.com%2Fcompany%2Fkeyboss-group%2F,,,,https://www.free-work.com/fr/companies/keyboss-group
153,,,,,https://www.free-work.com/fr/companies/only-solution
154,https://www.linkedin.com/signup/cold-join?session_redirect=https%3A%2F%2Fwww%2Elinkedin%2Ecom%2Ffeed%2F&trk=login_reg_redirect,,,,https://www.free-work.com/fr/companies/hexa-technology
155,,,,,https://www.free-work.com/fr/companies/sikateam
156,,,,,https://www.free-work.com/fr/companies/smart-hunter-1
157,,,,,https://www.free-work.com/fr/companies/abs-technologies-1
158,https://www.linkedin.com/authwall?trk=gf&trkInfo=AQEd8cAun8eOBAAAAYPsvayIjW25DL5UvJoXi8zqhU8hg1KVRYbj-rnwsaVPIJorVFOtPXfMFC2vG5OIsU6UNDCjTObPcmcvcGwfT1S7F4Yv9_UEk6T2eiNkU7NZKZxRBFFGxl4=&original_referer=https://www.free-work.com/&sessionRedirect=https%3A%2F%2Fwww.linkedin.com%2Fcompany%2Femma-it%2F%3Foriginal,,,,https://www.free-work.com/fr/companies/emma-it
159,,,,,https://www.free-work.com/fr/companies/seleniums-1
160,,,,,https://www.free-work.com/fr/companies/vivei-2
161,,,,,https://www.free-work.com/fr/companies/talents-it
162,,,,,https://www.free-work.com/fr/companies/united-solutions
163,,,,,https://www.free-work.com/fr/companies/r-s-telecom
164,,,,,https://www.free-work.com/fr/companies/jenathy-solutions
165,,,,,https://www.free-work.com/fr/companies/devinsley-1
166,https://www.linkedin.com/authwall?trk=gf&trkInfo=AQESdNWjjtMKogAAAYPsvmQg0b8i6tmNLv0HEBwpU5it4aXuCJPgKcUCaSYC2da5uNCYWiVtO-oPZfhownNWjN2MerxC1f_IxoicPOQ8mmsMX_emUFGlbovhS_t9puGEC-CKfaE=&original_referer=https://www.free-work.com/&sessionRedirect=https%3A%2F%2Fwww.linkedin.com%2Fcompany%2Fmyesn,,,,https://www.free-work.com/fr/companies/my-esn
167,https://www.linkedin.com/authwall?trk=gf&trkInfo=AQF7WCNFHwx9FAAAAYPsvn94fStzG47bgEBWNiluVdNslx2nGkco4tTZKHTt-He-Gm1bXW9huKMhPNzc729BwCNASqkcvwgRuEWdmALY8blDKfX76rJqS7Y36nzyHMHeOuQkjGU=&original_referer=https://www.free-work.com/&sessionRedirect=https%3A%2F%2Ffr.linkedin.com%2Fcompany%2Ffinding-sas,,,,https://www.free-work.com/fr/companies/finding-sas
168,https://www.linkedin.com/authwall?trk=gf&trkInfo=AQHWjHEWXQ7ONgAAAYPsvprQS-bnMqJcy-q3AAFCWY04JryL2tJ1ya5ntS6blfnQ1rd65tXcJL-RVZxQCvkUeIpltVb0VFO8-1DaRgbKAIghkvzLOsxTgAO44dBk8HClGvEXi1w=&original_referer=https://www.free-work.com/&sessionRedirect=https%3A%2F%2Fwww.linkedin.com%2Fcompany%2Fwheelofwork,,,,https://www.free-work.com/fr/companies/wheel-of-work
169,,,,,https://www.free-work.com/fr/companies/capest-conseils
170,https://www.linkedin.com/authwall?trk=gf&trkInfo=AQG7OAcrOZ0vdAAAAYPsvs2YTvo-vnW5U4GQdjBNbNkrC6h3JU6p9JEOhSJzVExDP6y8P764aAHXZBpjOd8eGt32z6j6WCOfEi1xZ4QUOW5dtK7UBiubuZWKUXqBgaTDyvSG9zk=&original_referer=https://www.free-work.com/&sessionRedirect=https%3A%2F%2Fwww.linkedin.com%2Fcompany%2Fdev-and-connect%2F,https://twitter.com/DevanConnect,,,https://www.free-work.com/fr/companies/dev-and-connect
171,,,,,https://www.free-work.com/fr/companies/compleo-technologies-1
172,https://www.linkedin.com/authwall?trk=ripf&trkInfo=AQHHjoG3awc_ZwAAAYPsvwwYs-9NE0qL5eiv0Zvcn0AKkvjJQSCzvFuD7wx6YMTiaSUttSaiiFA9bDQxlQ-BfXvuFCbE24YL3ABPAAjlcMzPMw1VRHkWzawGOKyUTAdkIFBBIEE=&original_referer=https://www.free-work.com/&sessionRedirect=https%3A%2F%2Fwww.linkedin.com%2Fcompany%2Fonyxconseilfrance,,,,https://www.free-work.com/fr/companies/onyx-conseil
173,,,,,https://www.free-work.com/fr/companies/wissal-group
174,https://www.linkedin.com/authwall?trk=gf&trkInfo=AQE4q6-iIOsbWwAAAYPsvzr4jYSzJ63LBvPkz7jSoCFYLGgZsC8F3yuSM2fV_J6y41GqJRgP5-PmZOII9777RMr0vgtPi3dW6IiKCsNu7ZW67CT5Zhw9GeekFd2WmOb-Uk9pBFc=&original_referer=https://www.free-work.com/&sessionRedirect=https%3A%2F%2Fwww.linkedin.com%2Fcompany%2F30619925,,,,https://www.free-work.com/fr/companies/enov-it
175,,,,,https://www.free-work.com/fr/companies/holimeet
176,https://www.linkedin.com/authwall?trk=ripf&trkInfo=AQEBSS15nIxxFwAAAYPsv2nYQNAzj19zxUMVD4O8tP6Nbr2RU21JgR6WjtVRr2i0vZ1bVeFqkUnyVT_XAFnEzcJMU5h8duIfPbEptgxCl-G__s1ZvdvUfoukO-gbSXFkY_mTzxA=&original_referer=https://www.free-work.com/&sessionRedirect=https%3A%2F%2Fwww.linkedin.com%2Fin%2Fdigit-evolution%2F,https://twitter.com/DigitEvolution,,,https://www.free-work.com/fr/companies/digit-evolution-2
177,https://www.linkedin.com/authwall?trk=gf&trkInfo=AQFHVp_nTll_tgAAAYPsv40AskfRBceeFfvcI79N_2VWGc3J_N42O5NUxqLtVgdN-MouLRJHT7FU33HwgDx6xraXUyb539ipTYGRp_Nln7PGzjM1f73zctFCQNDc-TEqjwTljik=&original_referer=https://www.free-work.com/&sessionRedirect=https%3A%2F%2Fwww.linkedin.com%2Fcompany%2Fhappy-hire%2F,,,,https://www.free-work.com/fr/companies/happy-hire
178,https://www.linkedin.com/authwall?trk=ripf&trkInfo=AQF7i5jTY-uNSgAAAYPsv6hY6tdGeGGK8pEcH0rktrjxkKdJHn-_vX4A3LVh4G9_iJ33RYgcTlscnnFDT8HLKFdrcMeKW727LX5YENrwKV-lndZT6jIqihdFiZRxMWDoDO7wEvI=&original_referer=https://www.free-work.com/&sessionRedirect=https%3A%2F%2Fwww.linkedin.com%2Fcompany%2Fiena%2Fmycompany%2F,,,,https://www.free-work.com/fr/companies/iena
179,,,,,https://www.free-work.com/fr/companies/davidson-consulting-7
180,https://www.linkedin.com/authwall?trk=gf&trkInfo=AQF1FqOefxI3AgAAAYPsv-Lwe4vCvog9cAj9F63wJpWzeUWySrDC9Es1WwuueRx7b3JzinnsOSlQGJvOSCPftEsavNcIod6nFEDNR7lRz5SUjeopTGUI6AAQa5LPZW5WExz95bg=&original_referer=https://www.free-work.com/&sessionRedirect=https%3A%2F%2Fwww.linkedin.com%2Fcompany%2Filiade-consulting,,,,https://www.free-work.com/fr/companies/iliade-consulting
181,https://www.linkedin.com/authwall?trk=ripf&trkInfo=AQFM257Z-TqFHQAAAYPsv_pg1R7L-7OYiQKKyW6fpt4bQE-vJ4pUXDMWCYRwlF8B7Sdq4S94DoEXGeyGOfDLdxRduQ3XPBNpole12qKGxdB7WaDtVRHgcwATC9g1X0GP0vkxd5o=&original_referer=https://www.free-work.com/&sessionRedirect=https%3A%2F%2Fwww.linkedin.com%2Fcompany%2Fhelpline%2Fmycompan,,,,https://www.free-work.com/fr/companies/helpline-11
182,,,,,https://www.free-work.com/fr/companies/a2s-expert
183,,,,,https://www.free-work.com/fr/companies/gruther
184,,,,,https://www.free-work.com/fr/companies/innoven-2
185,,,,,https://www.free-work.com/fr/companies/fulstac
186,,,,,https://www.free-work.com/fr/companies/skystacks
187,,,,,https://www.free-work.com/fr/companies/atlanse-1
188,https://www.linkedin.com/authwall?trk=ripf&trkInfo=AQEWeRE5XrKLyQAAAYPswNkIKLJKeDJ-qVFZWwkmQVXE-Bp9WHODOlEu5OZo7j103fCmoYmqnpMUqIOgzDDZ_fkFzwfvpxi3ZrgQhm-g3nllwTt_Hy1RQP-wRIRbppKCzkyrHzE=&original_referer=https://www.free-work.com/&sessionRedirect=https%3A%2F%2Fwww.linkedin.com%2Fcompany%2Fharry-hope%2Fmycomp,,,,https://www.free-work.com/fr/companies/harry-hope
189,,,,,https://www.free-work.com/fr/companies/axencia-group-1
190,,,,,https://www.free-work.com/fr/companies/skyllit
191,,,,,https://www.free-work.com/fr/companies/elbion-1
192,,,,,https://www.free-work.com/fr/companies/technodym
193,https://www.linkedin.com/authwall?trk=gf&trkInfo=AQGc1GvxRPNHMgAAAYPswU44OvS2p06f0XWBnuD9uX9_TM11Sfcw5jzv8VhmUVnWJ5CE6p6CosQAv1kdXDVauJ7zzT0IDOru2aqzVxf2yGb5A8n48Iu-73aypLYG64RlSJY7ohM=&original_referer=https://www.free-work.com/&sessionRedirect=https%3A%2F%2Fwww.linkedin.com%2Fin%2Frecrutement-trituxgrp%2F,,,,https://www.free-work.com/fr/companies/tritux-france-2
194,,,,,https://www.free-work.com/fr/companies/altansia-1
195,,,,,https://www.free-work.com/fr/companies/tohtem-it
196,,,,,https://www.free-work.com/fr/companies/concretio-services-1
197,,,,,https://www.free-work.com/fr/companies/groupe-altelios-technology
198,,,,,https://www.free-work.com/fr/companies/winside-technology
199,,,,,https://www.free-work.com/fr/companies/cyborg-intelligence
200,,,,,https://www.free-work.com/fr/companies/layer-data-consulting
201,,,,,https://www.free-work.com/fr/companies/gramatom
202,,,,,https://www.free-work.com/fr/companies/esmoz-1
203,,,,,https://www.free-work.com/fr/companies/trust-it-1
204,,,,,https://www.free-work.com/fr/companies/charli-group
205,,,,,https://www.free-work.com/fr/companies/cymalia
206,,,,,https://www.free-work.com/fr/companies/texa-services-1
207,https://www.linkedin.com/authwall?trk=gf&trkInfo=AQEHTQjm68TCwgAAAYPswpJwQ92pGd8i0BqXIjczo1E9xcH7Rx3TwR22B64ciuBeZQZ3kLOaqlLtosEslf2IljxBHvqi32L9cBWx07gae97iQR1X5XT3SQNOfbglCFI0j3PnlmI=&original_referer=https://www.free-work.com/&sessionRedirect=https%3A%2F%2Fwww.linkedin.com%2Fcompany%2Fit-free,,,,https://www.free-work.com/fr/companies/it-free
208,,,,,https://www.free-work.com/fr/companies/hexateam
209,,,,,https://www.free-work.com/fr/companies/rms-1
210,,,,,https://www.free-work.com/fr/companies/bi-solutions
211,,,,,https://www.free-work.com/fr/companies/ms2-consulting
212,https://www.linkedin.com/authwall?trk=gf&trkInfo=AQG4g6CVeF1VnAAAAYPswwegJKYZJ8Z65Mk_13v1GLA3d4WXKAKIJiET0TLQQSLMfdK-LObGkwtErXthxAMVc7ADn0RsHYZ807j2oskAni0RHOqC11nLJqhRxVpqsXFidmww3ro=&original_referer=https://www.free-work.com/&sessionRedirect=https%3A%2F%2Fwww.linkedin.com%2Fcompany%2Ff8-conseil%2F,,,,https://www.free-work.com/fr/companies/f8-conseil
213,,,,,https://www.free-work.com/fr/companies/agsi-ctrl-f
214,,,,,https://www.free-work.com/fr/companies/value-it-pour-mladvisors
215,,,,", http://security-data-network-sdn/",https://www.free-work.com/fr/companies/security-data-network
216,,,,,https://www.free-work.com/fr/companies/pm-sas-1
217,,,,,https://www.free-work.com/fr/companies/atecna-5
218,,,,,https://www.free-work.com/fr/companies/f2k-computing-2
219,,,,,https://www.free-work.com/fr/companies/abalsia-consulting
220,,,,,https://www.free-work.com/fr/companies/wolsome
221,,,,,https://www.free-work.com/fr/companies/heevox
222,,,,,https://www.free-work.com/fr/companies/ridcha-data-1
223,,,,,https://www.free-work.com/fr/companies/xiii-it
224,,,,,https://www.free-work.com/fr/companies/cws-it
225,,,,,https://www.free-work.com/fr/companies/datapy-group
226,,,,,https://www.free-work.com/fr/companies/eml-consulting
227,,,,,https://www.free-work.com/fr/companies/etixway-3
228,,,,,https://www.free-work.com/fr/companies/1pacteo
229,,,,,https://www.free-work.com/fr/companies/symbioz-technology
230,,,,,https://www.free-work.com/fr/companies/synelience-1
231,https://www.linkedin.com/authwall?trk=gf&trkInfo=AQGmScYDE_Zr7AAAAYPsxOQwrp6gEcc6n6JPFv8GiHl2sn-F3CqeOVwPS834qsmVpzGQECK05Q7Ji3pqW4Rt9nMcFuDbV9-QrmXbyMLjpR3kOrTuWniVn7I1OEAcSi5Pro9YA0s=&original_referer=https://www.free-work.com/&sessionRedirect=https%3A%2F%2Fwww.linkedin.com%2Fcompany%2Fsikia%2F,,,,https://www.free-work.com/fr/companies/sikia-3
232,,,,,https://www.free-work.com/fr/companies/cgi-8
233,,,,,https://www.free-work.com/fr/companies/heptasys-5
234,,,,,https://www.free-work.com/fr/companies/wevioo-2
235,,,,,https://www.free-work.com/fr/companies/get-in-talent
236,,,,,https://www.free-work.com/fr/companies/hydrochain-1
237,https://www.linkedin.com/authwall?trk=gf&trkInfo=AQFKi-fer51tlgAAAYPsxXDQE5vgfjf5xzRgnmjfveQDYZMHiVEQG3KmNvmre8DKwh6c8Ntc7wMadh4d28H3TiqVF78ScwsiRLwxAhdPxjlAYw30VyIqbk8wrFSLbGY1J-4iHoA=&original_referer=https://www.free-work.com/&sessionRedirect=https%3A%2F%2Fwww.linkedin.com%2Fcompany%2Fjlc-si%2F,,,,https://www.free-work.com/fr/companies/jlconseil-si
238,,,,,https://www.free-work.com/fr/companies/maxula
239,,,,,https://www.free-work.com/fr/companies/trend-it
240,https://www.linkedin.com/authwall?trk=gf&trkInfo=AQHumUDwMHrI4AAAAYPsxb7w5Frgn9htC8uAYercoj6HU0QjLrHcoxmYO_n8KRXxOmu8vh7IUb7RvvfgCp4JSEfVcvPeObTo0_6qxbywDrbMDKkvy4bgk97GGR0S8JxPWL3dqUI=&original_referer=https://www.free-work.com/&sessionRedirect=https%3A%2F%2Fwww.linkedin.com%2Fcompany%2Foctopus-group-fra,,,,https://www.free-work.com/fr/companies/octopusgroup
241,https://www.linkedin.com/authwall?trk=gf&trkInfo=AQFNwgJ5Env3mQAAAYPsxdZg2_VRKLrOh8XuDfKPpjRW4Nw80DRQVzpO4oDOtTxpNNSusw_Y_Cp8Fo62nn2hioc3wriVc3UqDE5zLCfpJauoI-2Ifl0dCh7CLpRahemV0WUFg7I=&original_referer=https://www.free-work.com/&sessionRedirect=https%3A%2F%2Fwww.linkedin.com%2Fcompany%2Finov-informatique,,,,https://www.free-work.com/fr/companies/inov-informatique
242,,,,,https://www.free-work.com/fr/companies/altedis-2
243,https://www.linkedin.com/authwall?trk=gf&trkInfo=AQE79hfITQ7SMgAAAYPsxgkoqoHH842ME1RCThJfKmk-psNzjAhm7_Vn4NCl0rKDnE8aBBodblF6HxGAc0oL4OEEqjoXG8sT-KAR6jZzAXIwHQ1FWb7ziCSwAgWeslTPBRwZXEo=&original_referer=https://www.free-work.com/&sessionRedirect=https%3A%2F%2Fwww.linkedin.com%2Fcompany%2Fsoftcorp-group%2Fmy,https://twitter.com/softcorp1,https://www.facebook.com/softcorpgroup,,https://www.free-work.com/fr/companies/softcorp
244,,,,,https://www.free-work.com/fr/companies/cherry-pick
245,https://www.linkedin.com/authwall?trk=ripf&trkInfo=AQFJ1s4IvYMJhQAAAYPsxlNgImyAipDpYiaBKtv9NGiH_3NzbxLK7AAXOPl5WHp8Bjwm_WIfmfshDx84QdfiLP-sNuLkFEE3S5t5CIXULRjEuVuhvYJwykauqeGPr1mWZXpGbTo=&original_referer=https://www.free-work.com/&sessionRedirect=https%3A%2F%2Fwww.linkedin.com%2Fcompany%2Fdiggers%2Fmycompany,,,,https://www.free-work.com/fr/companies/diggers
246,,,,,https://www.free-work.com/fr/companies/consult-it-2
247,,,,,https://www.free-work.com/fr/companies/group-v-i-i-origin-1
248,,,,,https://www.free-work.com/fr/companies/i-lead-consulting-1
249,,,,,https://www.free-work.com/fr/companies/la-home-sweet-company
250,,,,,https://www.free-work.com/fr/companies/kp2i-2
251,,,,,https://www.free-work.com/fr/companies/digistrat-consulting-1
252,,,,,https://www.free-work.com/fr/companies/otchee-2
253,,,,,https://www.free-work.com/fr/companies/icsis-1
254,,,,,https://www.free-work.com/fr/companies/codeworks
255,,,,,https://www.free-work.com/fr/companies/enginov-1
256,,,,,https://www.free-work.com/fr/companies/agylis-10
257,,,,,https://www.free-work.com/fr/companies/elysium
258,,,,,https://www.free-work.com/fr/companies/jinane-consulting
259,,,,,https://www.free-work.com/fr/companies/systemis-4
260,,,,,https://www.free-work.com/fr/companies/it-coop-1
261,,,,,https://www.free-work.com/fr/companies/seryce
262,,,,,https://www.free-work.com/fr/companies/racemus-consulting-2
263,,,,,https://www.free-work.com/fr/companies/carbon-it-2
264,,,,,https://www.free-work.com/fr/companies/sas-gemini
265,,,,,https://www.free-work.com/fr/companies/numeryx-technologies
266,,,,,https://www.free-work.com/fr/companies/konli-consulting
267,,,,,https://www.free-work.com/fr/companies/kouka
268,,,,,https://www.free-work.com/fr/companies/jefferson-frank-1
269,https://www.linkedin.com/authwall?trk=gf&trkInfo=AQHAKt8UPJnQaAAAAYPsyZ8gmMiRGOdD5FE_PUUIU4vYR1mfwGBsZ5EwvdsRUkyXWK353kKH37cKnkUM092-5wcH_J3H7ZiHhmDCUuoasa_My2C7ykVdSeLDZ8tIdC3FjzST464=&original_referer=https://www.free-work.com/&sessionRedirect=https%3A%2F%2Fwww.linkedin.com%2Fcompany%2Fagsi-it%2F,https://twitter.com/freelance1fo,https://www.facebook.com/Freelance-info-1865830947,,https://www.free-work.com/fr/companies/agsi-sas-9
270,https://www.linkedin.com/authwall?trk=gf&trkInfo=AQF4tCxYfnOQzAAAAYPsycoYH3LFZ0sFpuLpmXtT2eJMuOJtGT4JZiC0c6_bmpIr9ZfSGTVOO7VUe7MljeaiWM9IcZfdeaLUUvaO8EhNq-bZ1ebRFighEnJMZv7wv3pyuN3wsbc=&original_referer=https://www.free-work.com/&sessionRedirect=https%3A%2F%2Fwww.linkedin.com%2Fcompany%2Fturnover-it%2F%3Fview,,,,https://www.free-work.com/fr/companies/freework-7
271,,,,,https://www.free-work.com/fr/companies/kolabs
272,,,,,https://www.free-work.com/fr/companies/datalake-1
273,,,,,https://www.free-work.com/fr/companies/tplus
274,,,,,https://www.free-work.com/fr/companies/fenyx-consult
275,,,,,https://www.free-work.com/fr/companies/sooit
276,,,,,https://www.free-work.com/fr/companies/pointrd
277,,,,,https://www.free-work.com/fr/companies/clostera
278,,,,,https://www.free-work.com/fr/companies/ahead-digital
279,,,,,https://www.free-work.com/fr/companies/nicholson-sas
280,,,,,https://www.free-work.com/fr/companies/karismatik-1
281,,,,,https://www.free-work.com/fr/companies/adsearch
282,,,,,https://www.free-work.com/fr/companies/kaisens-data
283,,,,,https://www.free-work.com/fr/companies/dowo
284,,,,,https://www.free-work.com/fr/companies/cellenza
285,,,,,https://www.free-work.com/fr/companies/worldata-team-1
286,https://www.linkedin.com/authwall?trk=gf&trkInfo=AQF8anb_eJNazQAAAYPsy0UAiE-S_z4iLFCAUdzZbLS5Et1PsbCQsetydJqXpdOKvFB5JGtlfan_mEMuOShi-TO_q8EJwttfYCZyd6P3cxCIPudGyRycKqG3Uq9rtf51p3-fQ6c=&original_referer=https://www.free-work.com/&sessionRedirect=https%3A%2F%2Fwww.linkedin.com%2Fcompany%2Fcrystal-placement,,,,https://www.free-work.com/fr/companies/crystal-placement
287,,,,,https://www.free-work.com/fr/companies/masdar-consulting-1
288,,,,,https://www.free-work.com/fr/companies/taleo-corporation
289,https://www.linkedin.com/authwall?trk=gf&trkInfo=AQHFKU784TkWKwAAAYPsy484biEjBec-Il5CkUMuyxGFlsPMTFxycFpXasaqjr3MDnINMyo7GcXwCXJBgqYqLbeLAbAABqbaFRQsz1ylPd_4KntX4Df1YttRHSnRFd_y6TN9_Oc=&original_referer=&sessionRedirect=https%3A%2F%2Fwww.linkedin.com%2Fcompany%2Fglobalis-media-systems,https://twitter.com/GLOBALISms,,", https://consent.youtube.com/m?continue=https%3A%2F%2Fwww.youtube.com%2Fchannel%2FUCELNFIPuBXGMwqtyG%3Fcbrd%3D1&gl=FR&m=0&pc=yt&hl=en&src=1",https://www.free-work.com/fr/companies/globalis-media-systems-1
290,https://www.linkedin.com/authwall?trk=ripf&trkInfo=AQHVJqaWtpZHEgAAAYPsy7ZI55XlkR7sArHmRHB0YxPpT_YuqPRV1RhXweQalIxuQ_bAjNoTdGAwYm0sC7r9GtutS7QQOZG23JSWtlxLsr48lUFB3sY5Z716H1h5UKohEg3Hr3c=&original_referer=https://www.free-work.com/&sessionRedirect=https%3A%2F%2Fwww.linkedin.com%2Fcompany%2Fsijoesn%2F,,,,https://www.free-work.com/fr/companies/sijo-1
291,,,,,https://www.free-work.com/fr/companies/unidosa
292,,,,,https://www.free-work.com/fr/companies/geeko-sas
293,,,,,https://www.free-work.com/fr/companies/co-martin-1
294,,,,,https://www.free-work.com/fr/companies/skill-partner-1
295,,,,,https://www.free-work.com/fr/companies/dhm-it-2
296,,,,,https://www.free-work.com/fr/companies/celexio
297,,,,,https://www.free-work.com/fr/companies/opteamis-4
298,,,,,https://www.free-work.com/fr/companies/ccl-consulting
299,,,,,https://www.free-work.com/fr/companies/lean-technology-sas
300,https://www.linkedin.com/authwall?trk=ripf&trkInfo=AQFY_-EWWfuitwAAAYPszLQwKScltsP8hbGV5cRLE1l7fRsit7-rqLvfHjPdtKPlaKyZ5Wzi1-CaX5mg_cS3neYec-9qXYWoSFwAjY9JnoHVOrl5Wn6XWzjoKSQkry6zyhMXko0=&original_referer=https://www.free-work.com/&sessionRedirect=https%3A%2F%2Fwww.linkedin.com%2Fcompany%2Fcegelem-sas%2F,https://twitter.com/cegelem,https://www.facebook.com/cegelem/,,https://www.free-work.com/fr/companies/cegelem-1
301,,,,,https://www.free-work.com/fr/companies/windata-2
302,,,,,https://www.free-work.com/fr/companies/hr-team-10
303,https://www.linkedin.com/authwall?trk=gf&trkInfo=AQH0XlYOGg96mwAAAYPszRXYWDOdOav89SsDkgqnl-H5Hz0UleCKFGvB6EiBksFWZc3nh13MUy_OQuuytKQedo707nuEfjHp9tx1ZDBrwCOPECPDqGuIvq3GtIy3TZ6ON2f08dc=&original_referer=https://www.free-work.com/&sessionRedirect=https%3A%2F%2Fwww.linkedin.com%2Fcompany%2Fstrada-conseil%2F,,,,https://www.free-work.com/fr/companies/strada-conseil
304,,,,,https://www.free-work.com/fr/companies/mobile-tech-people-2
305,,,,,https://www.free-work.com/fr/companies/purevision-it
306,https://www.linkedin.com/authwall?trk=gf&trkInfo=AQH4D61JSDS0gAAAAYPszWP40CEO5QlPhpL8HVMkqh2BwXeLoS6m6NM5SE-_j1vOQA5zvLflhcnWAMmvbwftFlbtDdfpuL4kvVzJvEOuKTysMJut_CTliXooNzUE7lNMTV_TJ3E=&original_referer=https://www.free-work.com/&sessionRedirect=https%3A%2F%2Fwww.linkedin.com%2Fcompany%2Foffreesenca,,,,https://www.free-work.com/fr/companies/groupe-kali-1
307,,,,,https://www.free-work.com/fr/companies/next-mondays
308,https://www.linkedin.com/authwall?trk=gf&trkInfo=AQFf2xzaIdpK-gAAAYPszZLY7OCaX_esURrt8j_9cBJREF7pep3ZJwkQOvzd8zIQ7RLXpkRhLk75N42-OPYDKiu1kdc3FOhKaUY6tDLZxef16w3f4eEf_634JMIx6mpU1c8cHag=&original_referer=https://www.free-work.com/&sessionRedirect=https%3A%2F%2Fwww.linkedin.com%2Fcompany%2Flehiboucom%2Fmycomp,,,,https://www.free-work.com/fr/companies/lehibou
309,,,,,https://www.free-work.com/fr/companies/keywer
310,,,,,https://www.free-work.com/fr/companies/elevon
311,,,,,https://www.free-work.com/fr/companies/stortic
312,https://www.linkedin.com/authwall?trk=ripf&trkInfo=AQEkRccjdGvhsgAAAYPszfCYYO5wKOItQbZq48hAQ3j7L27Z1_2xBCUt78ra9mxzFryLzRd79neHJ6eIgB9TFkxF6dojEDTq1cD22glXXHqfxX50Kf4yUnQTLeDLqluqpDT5Jw8=&original_referer=https://www.free-work.com/&sessionRedirect=https%3A%2F%2Fwww.linkedin.com%2Fcompany%2Fapproach-people-r,,,,https://www.free-work.com/fr/companies/approach-people-recruitment-ltd
313,,,,,https://www.free-work.com/fr/companies/nova-technology-2
314,,,,,https://www.free-work.com/fr/companies/setelia-3
315,,,,,https://www.free-work.com/fr/companies/is-conseil-1
316,https://www.linkedin.com/authwall?trk=ripf&trkInfo=AQH4asoUAx-0CgAAAYPszlJAUoam44CaIkaocwfFZY3Mpg_lJZ3rvGzcVTCVBd4Qf9ZcXWQV22wdH8hq9SX3cA9a8rlIxbrSzHYbuz72Q4xeGLPV_EAMbIDULA1hslD5DhAZpVs=&original_referer=https://www.free-work.com/&sessionRedirect=https%3A%2F%2Fwww.linkedin.com%2Fcompany%2Fselfing%2F,,,,https://www.free-work.com/fr/companies/selfing
317,,,,,https://www.free-work.com/fr/companies/egroupe
318,,,,,https://www.free-work.com/fr/companies/datarox-1
319,,,,,https://www.free-work.com/fr/companies/diapason-informatique-6
320,,,,,https://www.free-work.com/fr/companies/nexius-finance
321,,,,,https://www.free-work.com/fr/companies/gentis-recruitment-sas
322,,,,,https://www.free-work.com/fr/companies/teolia-consulting
323,https://www.linkedin.com/authwall?trk=gf&trkInfo=AQEjd7ROIiSwagAAAYPszv4gX13mHmXt4ScVrJak2gpErQh1xxX6aa9qEm-gL-XeOaowjrAjKW9A8fuhspS8a9belcCkDixtVCkv0FN0QyZK-75nR6EsufcUda9H-HOAVJPftKk=&original_referer=https://www.free-work.com/&sessionRedirect=https%3A%2F%2Fwww.linkedin.com%2Fcompany%2Fanywrfreelance%2F,,,,https://www.free-work.com/fr/companies/anywr-freelance
324,,,,,https://www.free-work.com/fr/companies/k-k-group-1
325,,,,,https://www.free-work.com/fr/companies/diji-3
326,,,,,https://www.free-work.com/fr/companies/arcynerj-sas-1
327,,,,,https://www.free-work.com/fr/companies/armonie
328,,,,,https://www.free-work.com/fr/companies/first-conseil-1
329,,,,,https://www.free-work.com/fr/companies/external-workers
330,,,,,https://www.free-work.com/fr/companies/geniem
331,,,,,https://www.free-work.com/fr/companies/brightway
332,,,,,https://www.free-work.com/fr/companies/anasys
333,,,,,https://www.free-work.com/fr/companies/ntrinsic-consulting-europe-ltd
334,,,,,https://www.free-work.com/fr/companies/mci-ing
335,,,,,https://www.free-work.com/fr/companies/montash
336,,,,,https://www.free-work.com/fr/companies/olbati
337,https://www.linkedin.com/authwall?trk=gf&trkInfo=AQFU-k4LpJChkwAAAYPs0EJYlRVP7DikLz5tEvn7_FYmKDzpa7P6ZmULmKRTyScr9SDdT0rXQYNYXJkJYnKF3uzSl_J9uS7mV7y_q_o056PB_EnsnSPW8zue_dwRmZMVXAavJj8=&original_referer=https://www.free-work.com/&sessionRedirect=https%3A%2F%2Fwww.linkedin.com%2Fcompany%2F11393300%2F,,,,https://www.free-work.com/fr/companies/human-job
338,https://www.linkedin.com/authwall?trk=gf&trkInfo=AQGHWYlgtS9HMwAAAYPs0FnIQKfTwRES2kvBR23nbJ06U00j6pJDGAu-sRSqV102tEvUcM5IoIA0-3_u8zyq0xEN5MbzteWLLT4VJJX8dUVBF5l-2wKvFHjEAqdHxqVR7g-cyak=&original_referer=https://www.free-work.com/&sessionRedirect=https%3A%2F%2Fwww.linkedin.com%2Fcompany%2Fsavane%2F,,,,https://www.free-work.com/fr/companies/savane-4
339,,,,,https://www.free-work.com/fr/companies/management-square-1
340,,,,,https://www.free-work.com/fr/companies/kantena-technologies-2
341,,,,,https://www.free-work.com/fr/companies/come-together
342,,,,,https://www.free-work.com/fr/companies/digilinks-1
343,,,,,https://www.free-work.com/fr/companies/micropole
344,,,,,https://www.free-work.com/fr/companies/ambition-technologies
345,,,,,https://www.free-work.com/fr/companies/data1-it
346,,,,,https://www.free-work.com/fr/companies/phoebe-informatique-1
347,,,,,https://www.free-work.com/fr/companies/nipsi
348,,,,,https://www.free-work.com/fr/companies/rework
349,,,,,https://www.free-work.com/fr/companies/bma-conseil-1
350,,,,,https://www.free-work.com/fr/companies/ibsc-ltd
351,,,,,https://www.free-work.com/fr/companies/viseo-5
352,https://www.linkedin.com/authwall?trk=gf&trkInfo=AQEEZEJYHIQYqgAAAYPs0Yp4GEp16nI-XoeJ3EHh3-s01X7qZeB-JH3phh4VD3FDufmqOuc3OYkafnzQkHBn2fuw0WOTq8xfw1A8E30hVc9zVWgURy4AEKdHlZEpmi5qDcmozCQ=&original_referer=https://www.free-work.com/&sessionRedirect=https%3A%2F%2Fwww.linkedin.com%2Fcompany%2Fbeager%2F,https://twitter.com/beagertalents,https://www.facebook.com/beagertalents,,https://www.free-work.com/fr/companies/beager
353,,,,,https://www.free-work.com/fr/companies/kpc-group
354,,,,,https://www.free-work.com/fr/companies/ela-technology
355,,,,,https://www.free-work.com/fr/companies/coriom-conseil
356,,,,,https://www.free-work.com/fr/companies/ts-consult-1
357,,,,,https://www.free-work.com/fr/companies/cogigroup
358,,,,,https://www.free-work.com/fr/companies/streamlink-1
359,,,,,https://www.free-work.com/fr/companies/consilience
360,,,,,https://www.free-work.com/fr/companies/hilt-technology-engineering-ltd
361,,,,,https://www.free-work.com/fr/companies/bti-advisory-1
362,,,,,https://www.free-work.com/fr/companies/we-1
363,,,,,https://www.free-work.com/fr/companies/vo2-group
364,,,,,https://www.free-work.com/fr/companies/imba-consulting
365,https://www.linkedin.com/authwall?trk=gf&trkInfo=AQF88gc_rq6HngAAAYPs0rdATGW1w68g-oCB4BTddP_BluKN0So5QvFiqS6baZO5UZ9NEqPCJD43Y5FLSjauet_U1HEaVyaRQabBHTzMyn-hXa-H4ZehLaJCbziqor8fzEGziPo=&original_referer=https://www.free-work.com/&sessionRedirect=https%3A%2F%2Fwww.linkedin.com%2Fcompany%2Fmsiexperts%2F,,,,https://www.free-work.com/fr/companies/msi-experts-1
366,https://www.linkedin.com/authwall?trk=ripf&trkInfo=AQHGukVnfExHXgAAAYPs0s6w12HiBEU_bCPd1VgMaLzGKA7BakF7Aovnyk8IfVugl8fRxn8CC0ZkEiL3Vn0I4Zd6pAm7r-Kf_fx75x_MHZe-8n0xFCDDLXt6Bm-fL0_t4M0CW7w=&original_referer=https://www.free-work.com/&sessionRedirect=https%3A%2F%2Fwww.linkedin.com%2Fcompany%2Falphonse-io%2Fmycom,,,,https://www.free-work.com/fr/companies/alphonse
367,https://www.linkedin.com/authwall?trk=ripf&trkInfo=AQGw2yW9UEB1eQAAAYPs0uoI4yRKV1-RooFTPWQ3-_v_yeDdEqFtexNZNlx9qhpWHfzAo-XZrthm58dyaC7Lb5BhomenQZ6Z0ufvdgsH1FGG_fwquLYZbgGPS0UKrDiRcvsbF-4=&original_referer=https://www.free-work.com/&sessionRedirect=https%3A%2F%2Fwww.linkedin.com%2Fcompany%2Fadlere%2Fmycompany%2F,,,,https://www.free-work.com/fr/companies/adlere
368,,,,,https://www.free-work.com/fr/companies/witkey-4
369,,,,,https://www.free-work.com/fr/companies/nigel-frank-international-ltd
370,,,,,https://www.free-work.com/fr/companies/ava2i-1
371,https://www.linkedin.com/authwall?trk=gf&trkInfo=AQGLROW6q1QWAwAAAYPs0z_4I7mhr62FfxtigJxF_fthNGbsl62RQh7-TcHDNABQ3y-fwqXrupZnJp7CeSJSZdhXoF0wmRLEQ4WtcbDpRQd3jtJpEBPJP-SXupI4-QZ4PoK0Ez0=&original_referer=https://www.free-work.com/&sessionRedirect=https%3A%2F%2Fwww.linkedin.com%2Fcompany%2Fviveris,https://twitter.com/Viverisgroupe,https://www.facebook.com/viveris/,,https://www.free-work.com/fr/companies/viveris-4
372,,,,,https://www.free-work.com/fr/companies/positive-thinking-company-france-ptc
373,,,,,https://www.free-work.com/fr/companies/synack-2
374,,,,,https://www.free-work.com/fr/companies/emgs-consulting
375,,,,,https://www.free-work.com/fr/companies/karma-partners-2
376,,,,,https://www.free-work.com/fr/companies/vtr-2
377,,,,,https://www.free-work.com/fr/companies/link-consulting
378,,,,,https://www.free-work.com/fr/companies/ifeo-consulting-2
379,,,,,https://www.free-work.com/fr/companies/insyco-2
380,,,,,https://www.free-work.com/fr/companies/almatek-1
381,,,,,https://www.free-work.com/fr/companies/citech-2
382,https://www.linkedin.com/authwall?trk=gf&trkInfo=AQExiEoN9ofvLwAAAYPs1D3gf4CD2edclcfse7yHio3uVFDyhbcpQPP_3any5NHAYdxw9X5btozWAMVks70kmIV-PEDKgqIgx1R6vUO2KYunG8DozQFznpcoRGd7-sXcVHli8Wc=&original_referer=https://www.free-work.com/&sessionRedirect=https%3A%2F%2Fwww.linkedin.com%2Fin%2Ffreelance-vision-53769,,,,https://www.free-work.com/fr/companies/freelance-vision
383,,,,,https://www.free-work.com/fr/companies/adif-consulting-1
384,,,,,https://www.free-work.com/fr/companies/freelance-com-11
385,,,,,https://www.free-work.com/fr/companies/square-it-services-2
386,,,,,https://www.free-work.com/fr/companies/econocom-apps-clouds-data
387,,,,,https://www.free-work.com/fr/companies/ilyeum-5
388,,,,,https://www.free-work.com/fr/companies/werin-group-1
389,https://www.linkedin.com/authwall?trk=ripf&trkInfo=AQEc0xjaQY7d0AAAAYPs1M5oe_DwAjeDzxj5bD4aP2-OktOE0ZDeWCQWKvVQFAPgAjFxsA7DBeEdfidnVyKpEtRGQgPn15mxNDTtMjqzGyVRRM2O4UIWe3oPRQ7RW_Muu2oXn30=&original_referer=https://www.free-work.com/&sessionRedirect=https%3A%2F%2Fwww.linkedin.com%2Fcompany%2Ffrisbee-profiling,,,,https://www.free-work.com/fr/companies/frisbee-profiling
390,,,,,https://www.free-work.com/fr/companies/quadris-1
391,,,,,https://www.free-work.com/fr/companies/bgc-bring-global-consulting
392,https://www.linkedin.com/authwall?trk=ripf&trkInfo=AQEZJumQJuemtQAAAYPs1RS4IeBbYNfTLoiweyLpe7o0sTby3viQF5Gjf6tsgYolksRFnoxEkWcVIwjYAcv7a7CT7ZxG3r_TcizaqqJhRXIcx5GT1CQzAGPRVxOgA-ffErdH7NQ=&original_referer=https://www.free-work.com/&sessionRedirect=https%3A%2F%2Fwww.linkedin.com%2Fcompany%2Fexakis-nelite%2F,,,,https://www.free-work.com/fr/companies/exakis-nelite-1
393,https://www.linkedin.com/authwall?trk=gf&trkInfo=AQGnUfIzmjpIcQAAAYPs1TAQSHVV4XgTOUQwyizuaiyMX0tFN7V9FsZ5j2cMJvXmYzjvUejsFBD330qvLsDINSSs3Jx3KZp5weP10gdOFWWzznqctJAnv05hegd2nt8o8LKtjOU=&original_referer=https://www.free-work.com/&sessionRedirect=https%3A%2F%2Fwww.linkedin.com%2Fcompany%2Fone-logic%2F,,,,https://www.free-work.com/fr/companies/one-logic
394,,,,,https://www.free-work.com/fr/companies/anidris-services-en-1
395,,,,,https://www.free-work.com/fr/companies/kaibee-2
396,,,,,https://www.free-work.com/fr/companies/fao-consulting
397,https://www.linkedin.com/authwall?trk=ripf&trkInfo=AQEYHjcf4EczuAAAAYPs1aFYKuHAkPOr_B1Z19WSG_kOM3-FRDdkslCnLq78FX85QGG-fqOk7i1_7C8y7IchIz5zMKQn06MtVEYolZtISmtxrZlnQJt6wD--ho0Ju4nMabZ8UEU=&original_referer=https://www.free-work.com/&sessionRedirect=https%3A%2F%2Fwww.linkedin.com%2Fcompany%2Fmgi-consultants%2Fa,,,,https://www.free-work.com/fr/companies/mgi-consultants-4
398,,,,,https://www.free-work.com/fr/companies/soredi-1
399,,,,,https://www.free-work.com/fr/companies/deloren-consulting
400,,,,,https://www.free-work.com/fr/companies/pimer-consulting
401,,,,,https://www.free-work.com/fr/companies/cba-sourcing-eurogenia
402,,,,,https://www.free-work.com/fr/companies/metaline-4
403,,,,,https://www.free-work.com/fr/companies/umantic
404,https://www.linkedin.com/authwall?trk=gf&trkInfo=AQHK86qRfn74-QAAAYPs1jHgmUXJW2wrLZ6TARGkjoiDlX-Z21LzD3BZR9PVOKihqmmbQ6f4-bre5-3EhGU9GAoh_H_Mn94aw87f53IjRJCrECevr1njkNmUJ6SpA9e6MEI1HkE=&original_referer=https://www.free-work.com/&sessionRedirect=https%3A%2F%2Fwww.linkedin.com%2Fcompany%2Fgroupe-syd%2Fmycomp,,,,https://www.free-work.com/fr/companies/syd-conseil-management
405,,,,,https://www.free-work.com/fr/companies/ositel-france
406,,,,,https://www.free-work.com/fr/companies/ais-1
407,,,,,https://www.free-work.com/fr/companies/amiltone-2
408,,,,,https://www.free-work.com/fr/companies/groupe-alliance-1
409,,,,,https://www.free-work.com/fr/companies/bilink-1
410,,,,,https://www.free-work.com/fr/companies/1up-1
411,,,,,https://www.free-work.com/fr/companies/t-t-consulting-1
412,,,,,https://www.free-work.com/fr/companies/olcya
413,,,,,https://www.free-work.com/fr/companies/alteca-7
414,,,,,https://www.free-work.com/fr/companies/infidis-1
415,https://www.linkedin.com/authwall?trk=ripf&trkInfo=AQE4HxJFPYUFHgAAAYPs1xxAdiUYA4YY28COA-Aj44SGvJTcugzamryqR8cZkYeguFtLFlIESsFJ7Ucrn-w5ks4o6D_TdGoJyBqnxgRvelhPmH_h9zVavNOUXedFI257xFy_V9U=&original_referer=https://www.free-work.com/&sessionRedirect=https%3A%2F%2Fwww.linkedin.com%2Fcompany%2Fcerebris%2Fmycompan,,,,https://www.free-work.com/fr/companies/cerebris
416,,,,,https://www.free-work.com/fr/companies/idna-1
417,,,,,https://www.free-work.com/fr/companies/aprile-3
418,,,,,https://www.free-work.com/fr/companies/b-acceptance
419,,,,,https://www.free-work.com/fr/companies/freelancerepublik-2
420,,,,,https://www.free-work.com/fr/companies/vaganet-3
421,,,,,https://www.free-work.com/fr/companies/artemys-3
422,https://www.linkedin.com/authwall?trk=gf&trkInfo=AQFNQ6nwt5srDgAAAYPs17CwBpnKoWB2yC1zP6QJRe2cEJ62ulbiUTcST8IFwZbHUAw1RBo6IMNaTJj4Mytm-m6AjDK1tOgfCX9mdSVg6eO1yMNhVGRXWmvvhKqDjJiC6KSdXhg=&original_referer=https://www.free-work.com/&sessionRedirect=https%3A%2F%2Fwww.linkedin.com%2Fcompany%2Fhrdna%2F,,,,https://www.free-work.com/fr/companies/hr-dna
423,,,,,https://www.free-work.com/fr/companies/lucem-groupe
424,,,,,https://www.free-work.com/fr/companies/silkhom
425,,,,,https://www.free-work.com/fr/companies/netsec-design-1
426,,,,,https://www.free-work.com/fr/companies/jcl
427,,,,,https://www.free-work.com/fr/companies/synapsys-it-1
428,,,,,https://www.free-work.com/fr/companies/team-it-3
429,,,,,https://www.free-work.com/fr/companies/brain-logic
430,,,,,https://www.free-work.com/fr/companies/pickmeup
431,,,,,https://www.free-work.com/fr/companies/onefirst
432,,,,,https://www.free-work.com/fr/companies/beteam-1
433,,,,,https://www.free-work.com/fr/companies/aleysia
434,,,,,https://www.free-work.com/fr/companies/heytalent-france
435,,,,,https://www.free-work.com/fr/companies/aneo-13
436,,,,,https://www.free-work.com/fr/companies/phaidon-london-glocomms
437,https://www.linkedin.com/signup/cold-join?session_redirect=https%3A%2F%2Fwww%2Elinkedin%2Ecom%2Fgroups%2FSap-Hire-Group-813&trk=login_reg_redirect,https://twitter.com/,https://www.facebook.com/,,https://www.free-work.com/fr/companies/sap-hire
438,,,,,https://www.free-work.com/fr/companies/erp-corporate-1
439,,,,,https://www.free-work.com/fr/companies/asaprofil
440,,,,,https://www.free-work.com/fr/companies/exteam
441,,,,,https://www.free-work.com/fr/companies/adonys-4
442,https://www.linkedin.com/authwall?trk=ripf&trkInfo=AQFtf-g0y5mfOAAAAYPs2WoYEKeIUjD8GDTNl6QLETsNSrEy9uG8KeopuZsnkPnQfF4rof3mDRx5wk1wfQ87g9kWGIpzeltZ1Y26O1ii4fFzLTb80ojtn3ncXS9M9Y6m5iI-rhM=&original_referer=https://www.free-work.com/&sessionRedirect=https%3A%2F%2Fwww.linkedin.com%2Fcompany%2Fspi-informatique%2F,,https://www.facebook.com/SPI-Informatique-67088828,,https://www.free-work.com/fr/companies/spi-informatique-2
443,,,,,https://www.free-work.com/fr/companies/hr-path-1
444,,,,,https://www.free-work.com/fr/companies/innov-and-co
445,,,,,https://www.free-work.com/fr/companies/shift-consulting-sas
446,,,,,https://www.free-work.com/fr/companies/genwaves-group
447,,,,,https://www.free-work.com/fr/companies/it-newvision-sas-1
448,,,,,https://www.free-work.com/fr/companies/ankaa-corp
449,,,,,https://www.free-work.com/fr/companies/green-si-consulting
450,,,,,https://www.free-work.com/fr/companies/amaris-france
451,https://www.linkedin.com/authwall?trk=ripf&trkInfo=AQG-jtXpwKeJlQAAAYPs2n9w5g_gQhx1GrKzFuZTKMTl2GsgwJpL-Ywf6bzuPn57OzE1UcubwZZs9adx4kLTgeZkhgBawQEjA1vhHiN-WfmxmMfcM-dKNQE7ddN53DhkyV-s7F8=&original_referer=https://www.free-work.com/&sessionRedirect=https%3A%2F%2Ffr.linkedin.com%2Fcompany%2Fmindquest-connect,https://mobile.twitter.com/mindquest_fr,,,https://www.free-work.com/fr/companies/mindquest-anciennement-club-freelance
452,https://www.linkedin.com/authwall?trk=gf&trkInfo=AQHcUuR6IcED7wAAAYPs2qKYrh-_-JA91ThhVoME0Trv5hBP9XrIvy3pvANVU4UkPl-wUfgx4XMtNsaafsIPeDWNjjBSxyBXvIUURqvvLwdoFh4LjuxZt5jQJ4qy6lkadr-i0ac=&original_referer=https://www.free-work.com/&sessionRedirect=https%3A%2F%2Fwww.linkedin.com%2Fin%2Fskill-expert-83856292%2F,,,,https://www.free-work.com/fr/companies/skill-expert
453,,,,,https://www.free-work.com/fr/companies/eliadis-4
454,,,,,https://www.free-work.com/fr/companies/propulse-it
455,,,,,https://www.free-work.com/fr/companies/cappuccino-consulting
456,,,,,https://www.free-work.com/fr/companies/amontech-2
457,,,,,https://www.free-work.com/fr/companies/avanista-1
458,,,,,https://www.free-work.com/fr/companies/eb-expertise-1
459,,,,,https://www.free-work.com/fr/companies/all4test-3
460,,,,,https://www.free-work.com/fr/companies/hoxton-partners
